,day,factor,required,delivery,percents,num_vehicle,carbon_emission(kg)
0,0,1,20.16,20.16,100.0,2,2.8387898237259193
0,1,1,6.5,6.5,100.0,3,1.385813765669657
0,2,1,219.6,107.81,49.09,15,22.218879767139956
0,3,1,279.44,97.85,35.02,18,19.401766589206467
0,4,1,183.38,183.38,100.0,12,41.64065307265119
0,5,1,281.45,104.68,37.19,16,23.899217501439395
0,6,1,235.8,69.17,29.33,14,17.57835949485567
0,7,1,267.84,112.43,41.98,16,25.40560182038162
0,8,1,228.96,117.49,51.31,15,23.152264407600104
0,9,1,236.74,83.82,35.41,17,16.26563918854929
0,10,1,259.1,89.26,34.45,17,19.60779168318835
0,11,1,283.46,58.15,20.51,18,14.305621262625838
0,12,1,28.2,28.2,100.0,3,8.877796267369927
0,13,1,75.6,75.6,100.0,4,21.19034443783245
0,14,1,7.2,7.2,100.0,1,1.292778438539622
0,15,1,338.26,250.04,73.92,18,42.01333501404609
0,16,1,193.68,171.33,88.46,13,37.39587909872476
0,17,1,185.47,185.47,100.0,14,33.04783577090184
0,18,1,227.88,227.88,100.0,14,48.89482841127718
0,19,1,28.63,28.63,100.0,3,7.907304705232778
0,20,1,54.0,54.0,100.0,3,12.791066528739846
0,21,1,224.78,107.73,47.93,15,22.949165665920987
0,22,1,385.06,92.94,24.14,21,20.565379819404004
0,23,1,175.68,175.68,100.0,11,36.39505570056393
0,24,1,168.98,168.98,100.0,11,39.89556513598641
0,25,1,253.08,253.08,100.0,18,50.478652292789846
0,26,1,3.05,3.05,100.0,1,0.744346116389347
0,27,1,302.66,60.77,20.08,20,15.282494130893241
0,28,1,298.08,33.66,11.29,21,7.591306223776442
0,29,1,254.52,93.46,36.72,18,17.295230471034486
0,30,1,216.58,61.25,28.28,17,12.220006477791607
0,31,1,333.72,83.78,25.1,18,20.48305591589158
0,32,1,27.17,27.17,100.0,3,8.275499869282045
0,33,1,273.6,273.6,100.0,17,48.97347534782566
0,34,1,250.92,199.24,79.4,17,37.3917943934649
0,35,1,287.5,147.12,51.17,18,28.0165277691921
0,36,1,221.88,160.64,72.4,15,31.530406137921066
0,37,1,210.6,104.59,49.66,15,21.264266942181226
0,38,1,2.59,2.59,100.0,2,0.4585056544668619
0,39,1,41.76,41.76,100.0,2,10.520644992107867
0,40,1,348.34,341.46,98.02,21,57.297819385754735
0,41,1,291.24,152.12,52.23,16,31.92930457135665
0,42,1,209.3,209.3,100.0,17,38.70006440680778
0,43,1,250.06,249.41,99.74,16,40.41281115040245
0,44,1,33.84,33.84,100.0,2,7.022941202745423
0,45,1,59.04,59.04,100.0,4,13.604616134845323
0,46,1,222.12,222.12,100.0,16,40.42759668236508
0,47,1,387.22,231.15,59.69,26,30.169486612426738
0,48,1,361.8,123.87,34.24,26,20.4825008618562
0,49,1,273.6,147.4,53.87,17,24.090155247731477
0,50,1,355.32,210.26,59.17,26,28.993209370631696
0,51,1,38.98,38.98,100.0,4,8.851242119705597
0,52,1,34.2,34.2,100.0,1,10.373042272274871
0,53,1,244.56,181.89,74.37,19,32.97671937556845
0,54,1,287.14,287.14,100.0,20,43.57098683556037
0,55,1,270.72,197.59,72.99,17,34.538765876614555
0,56,1,264.0,263.35,99.75,19,44.80046949487811
0,57,1,270.72,270.72,100.0,18,41.91445129581816
0,58,1,51.7,51.7,100.0,6,12.0002829461454
0,59,1,33.84,33.84,100.0,3,10.87370808838674
0,60,1,249.12,183.64,73.72,18,33.74946384464749
0,61,1,254.52,66.66,26.19,19,15.280238981300263
0,62,1,274.46,163.8,59.68,18,28.284686965382775
0,63,1,270.84,209.23,77.25,18,35.2911923329714
0,64,1,274.46,259.39,94.51,19,43.02035172936209
0,65,1,51.0,51.0,100.0,5,12.269195482852568
0,66,1,311.73,299.2,95.98,19,46.46998942119216
0,67,1,358.56,241.35,67.31,25,36.1198601085836
0,68,1,299.16,130.43,43.6,19,25.80285050001695
0,69,1,254.64,73.44,28.84,18,16.195754033357485
0,70,1,346.32,118.18,34.12,22,21.74734234088791
0,71,1,68.4,68.4,100.0,6,12.127221602508838
0,72,1,44.64,44.64,100.0,4,6.017551933240207
0,73,1,217.22,108.53,49.96,18,22.19525354801645
0,74,1,385.56,230.79,59.86,23,33.43675051007376
0,75,1,275.4,94.84,34.44,20,19.015708311638875
0,76,1,247.08,88.99,36.02,16,19.600477146300666
0,77,1,256.54,70.89,27.63,20,13.893266569338374
0,78,1,24.41,24.41,100.0,3,6.367607196437388
0,79,1,57.6,57.6,100.0,3,11.588271282211018
0,80,1,261.69,202.69,77.45,20,36.69866089549321
0,81,1,363.53,241.13,66.33,27,34.93028587754714
0,82,1,306.0,152.35,49.79,21,23.28741108695309
0,83,1,349.32,139.81,40.02,23,23.652803065743974
0,84,1,229.32,204.34,89.11,17,38.77071905386386
0,85,1,44.64,44.64,100.0,3,9.677800769627593
0,86,1,8.64,8.64,100.0,1,2.840381876548641
0,87,1,275.76,275.76,100.0,20,41.516644596435334
0,88,1,277.78,212.47,76.49,20,32.378546331175215
0,89,1,270.0,172.26,63.8,21,24.68972888066543
0,90,1,304.68,167.53,54.99,18,30.786085831848165
0,91,1,343.58,235.06,68.41,22,33.97133484442648
0,92,1,21.6,21.6,100.0,2,6.026248276685503
0,93,1,14.4,14.4,100.0,1,1.561535127628803
0,94,1,341.28,336.58,98.62,20,42.72973582945176
0,95,1,318.24,305.15,95.89,18,43.32091602078831
0,96,1,329.18,329.18,100.0,22,46.560231900932585
0,97,1,322.82,311.1,96.37,21,41.65720167602283
0,98,1,383.76,376.68,98.16,24,48.269889678750175
0,99,1,50.16,50.16,100.0,6,8.77385931485142
0,100,1,106.42,106.42,100.0,7,14.622076595031398
0,101,1,420.48,322.59,76.72,31,39.84144739382541
0,102,1,356.76,354.32,99.32,27,47.16025572153078
0,103,1,335.92,335.92,100.0,26,45.88363920121877
0,104,1,431.14,289.62,67.18,32,37.44431385347109
0,105,1,273.24,273.24,100.0,17,44.4330637105605
0,106,1,28.8,28.8,100.0,2,6.244583294733688
0,107,1,28.8,28.8,100.0,1,2.2394719450429057
0,108,1,200.3,200.3,100.0,17,26.647511135010937
0,109,1,407.16,407.16,100.0,25,52.74585661882684
0,110,1,295.18,295.18,100.0,21,48.04904243631363
0,111,1,309.22,309.22,100.0,25,44.67958568725641
0,112,1,237.6,237.6,100.0,16,34.21580711976864
0,113,1,51.84,51.84,100.0,5,9.135057818880504
0,114,1,8.64,8.64,100.0,1,2.0939536732805006
0,115,1,338.57,327.33,96.68,23,56.67001064675517
0,116,1,378.22,373.53,98.76,27,38.872815277258816
0,117,1,444.1,397.77,89.57,29,53.31646798214033
0,118,1,304.92,267.15,87.61,24,40.165888747417135
0,119,1,393.84,259.34,65.85,26,39.128521900194905
0,120,1,263.3,263.3,100.0,20,26.020471176751226
0,121,1,450.72,435.33,96.59,28,32.41796593950461
0,122,1,354.96,354.96,100.0,24,46.36607182264286
0,123,1,350.06,250.32,71.51,23,39.587081173356395
0,124,1,410.18,295.84,72.12,27,45.39619226913177
0,125,1,41.76,41.76,100.0,4,7.816454826544691
0,126,1,15.84,15.84,100.0,2,2.765970371949136
0,127,1,275.04,275.04,100.0,21,37.022608207209984
0,128,1,447.48,443.99,99.22,32,40.84171320150286
0,129,1,307.3,307.3,100.0,24,41.77309905956128
0,130,1,261.39,261.39,100.0,24,43.42659028626153
0,131,1,401.12,209.47,52.22,27,31.265331081774317
0,132,1,21.6,21.6,100.0,2,5.366840287966433
0,133,1,21.6,21.6,100.0,2,4.858084113575661
0,134,1,287.83,287.83,100.0,22,35.19048261514569
0,135,1,326.96,326.96,100.0,23,29.38912139562825
0,136,1,261.0,261.0,100.0,21,28.895990891854122
0,137,1,400.93,379.07,94.55,28,41.32791870921364
0,138,1,295.2,292.45,99.07,19,31.678537263590137
0,139,1,15.84,15.84,100.0,2,2.547524642984163
0,140,1,8.64,8.64,100.0,1,2.0947283813945243
0,141,1,23.98,23.98,100.0,3,3.8134560627408147
0,142,1,415.8,415.8,100.0,28,50.26559152777183
0,143,1,377.86,324.42,85.86,26,47.814593892090556
0,144,1,332.35,332.35,100.0,25,46.793976671712535
0,145,1,325.08,300.94,92.57,20,53.57086925233819
0,146,1,274.93,274.93,100.0,20,34.702820122930014
0,147,1,392.98,289.9,73.77,29,42.724585514746636
0,148,1,415.44,407.79,98.16,28,34.98728407323012
0,149,1,441.48,436.67,98.91,29,47.1336707027549
0,150,1,423.72,268.63,63.4,29,36.47653937817744
0,151,1,30.24,30.24,100.0,3,8.523647614008159
0,152,1,37.44,37.44,100.0,3,6.980946528691976
0,153,1,306.58,206.59,67.39,24,35.548582452354786
0,154,1,400.18,292.5,73.09,27,46.76936323510565
0,155,1,273.6,273.6,100.0,22,35.752046436617235
0,156,1,340.92,340.92,100.0,25,33.70338377156229
0,157,1,168.48,152.33,90.41,11,24.070762920366025
0,158,1,21.6,21.6,100.0,2,5.474617333820677
0,159,1,28.8,28.8,100.0,3,6.366661154362747
0,160,1,369.72,364.49,98.59,24,56.55105315880146
0,161,1,335.02,333.23,99.47,25,44.28143616249987
0,162,1,342.36,342.36,100.0,25,45.562861342755355
0,163,1,293.76,293.76,100.0,23,35.31001065632654
0,164,1,302.18,281.83,93.27,19,52.91436397647177
0,165,1,29.66,29.66,100.0,2,7.753091326886978
0,166,1,8.64,8.64,100.0,1,2.6214708460264062
0,167,1,294.98,72.91,24.72,22,16.289266676609763
0,168,1,494.28,84.32,17.06,32,17.475434910416983
0,169,1,231.08,115.27,49.88,20,22.13211002810238
0,170,1,302.04,302.04,100.0,25,44.66030358313776
0,171,1,417.74,237.63,56.88,27,37.48399486804896
0,172,1,21.6,21.6,100.0,2,6.288189627878261
0,173,1,20.16,20.16,100.0,2,4.3566924571738115
0,174,1,398.52,171.14,42.94,26,30.68430412625034
0,175,1,285.84,203.31,71.13,24,33.13976853299275
0,176,1,342.36,184.99,54.03,29,30.166589534392653
0,177,1,283.9,257.28,90.62,21,44.97587388847648
0,178,1,23.04,23.04,100.0,2,4.874092670102745
0,179,1,8.64,8.64,100.0,1,2.563870760244957
0,180,1,337.44,83.31,24.69,25,17.614354921113293
0,181,1,389.98,103.31,26.49,28,19.68181868490468
0,182,1,401.86,66.85,16.64,30,13.372786644690414
0,183,1,389.4,113.32,29.1,27,22.475970073986492
0,184,1,340.42,257.54,75.65,24,40.28601921858105
0,185,1,419.9,307.81,73.31,27,47.02863170206988
0,186,1,428.4,174.38,40.7,29,29.64447935411496
0,187,1,391.68,133.2,34.01,28,24.53946906350595
0,188,1,395.42,61.66,15.59,28,12.582498454502563
0,189,1,454.54,67.89,14.94,29,14.332164243961227
0,190,1,8.64,8.64,100.0,1,2.293461048612351
0,191,1,51.84,51.84,100.0,3,10.110118668923496
0,192,1,448.2,75.64,16.88,31,14.288803715206052
0,193,1,484.56,76.41,15.77,31,15.564239549572413
0,194,1,415.72,150.73,36.26,26,30.135703340512226
0,195,1,343.44,162.06,47.19,21,32.14830321502972
0,196,1,402.62,144.19,35.81,26,28.009092963937633
0,197,1,46.8,46.8,100.0,3,12.378998122486701
0,198,1,483.48,79.44,16.43,30,17.03604927383333
0,199,1,358.08,61.89,17.28,25,13.844228402651876
0,200,1,440.76,24.24,5.5,32,5.043132343775568
0,201,1,316.66,85.38,26.96,22,18.343775617702775
0,202,1,395.42,39.24,9.92,27,8.287402457096954
0,203,1,456.26,81.56,17.88,26,17.498703049313082
0,204,1,461.58,38.25,8.29,31,8.263037871469043
0,205,1,508.32,79.21,15.58,33,15.070972589028978
0,206,1,495.16,34.69,7.01,36,7.590505251909947
0,207,1,499.2,48.54,9.72,34,9.588878077811968
0,208,1,21.6,21.6,100.0,2,6.6629942398365865
0,209,1,43.2,43.2,100.0,3,11.174646091064792
0,210,1,450.98,59.57,13.21,28,13.234485384897692
0,211,1,499.08,68.74,13.77,36,13.232452878877456
0,212,1,429.6,189.72,44.16,29,31.099371816658394
0,213,1,479.16,54.86,11.45,31,10.359934652339899
0,214,1,356.26,132.14,37.09,25,25.02875370727432
0,215,1,21.6,21.6,100.0,1,3.8416280982128628
0,216,1,36.0,36.0,100.0,3,8.87581088392511
0,217,1,544.7,116.51,21.39,32,21.70105594853419
0,218,1,427.06,46.67,10.93,29,8.563444871868901
0,219,1,504.36,150.73,29.89,34,23.612486837840773
0,220,1,608.26,66.26,10.89,37,12.93815481409967
0,221,1,440.28,62.27,14.14,28,13.730312641633393
0,222,1,7.2,7.2,100.0,1,1.6585262739768452
0,223,1,432.22,44.62,10.32,32,9.292649285104599
0,224,1,404.9,68.71,16.97,29,12.750824616926474
0,225,1,403.68,73.41,18.19,27,16.070289579920168
0,226,1,325.94,74.15,22.75,24,14.909095243507654
0,227,1,461.52,61.18,13.26,30,13.18387416358377
0,228,1,11.16,11.16,100.0,2,2.440230789623592
0,229,1,563.98,158.03,28.02,35,27.02597301656483
0,230,1,491.38,89.72,18.26,32,17.128727784341276
0,231,1,386.28,106.57,27.59,27,19.223184901783352
0,232,1,434.16,205.67,47.37,31,27.258098870531153
0,233,1,21.6,21.6,100.0,2,6.229923350482302
0,234,1,21.6,21.6,100.0,2,6.283490172661171
0,235,1,481.32,163.71,34.01,34,27.770377542819748
0,236,1,493.84,63.75,12.91,36,11.49266059129175
0,237,1,532.2,116.02,21.8,33,20.785952955216054
0,238,1,478.8,31.82,6.65,34,6.502458262277285
0,239,1,509.4,62.11,12.19,32,12.415665231531067
0,240,1,14.4,14.4,100.0,1,3.221214216000039
0,241,1,362.66,22.46,6.19,30,4.78665586638961
0,242,1,548.28,26.09,4.76,43,5.553686439069286
0,243,1,537.46,145.06,26.99,36,24.31173815249479
0,244,1,425.11,68.6,16.14,31,12.38825903560847
0,245,1,449.78,70.6,15.7,31,12.975250454877283
0,246,1,28.8,28.8,100.0,3,8.319959518027325
0,247,1,64.8,64.8,100.0,5,14.395560951091637
0,248,1,550.66,63.08,11.46,36,11.896414137873775
0,249,1,563.04,36.03,6.4,42,7.273952456045135
0,250,1,447.12,35.22,7.88,32,7.46177416872769
0,251,1,504.88,22.21,4.4,33,4.898813834815635
0,252,1,496.66,34.43,6.93,34,7.037170889500952
0,253,1,61.2,61.2,100.0,4,15.063581853792002
0,254,1,486.94,67.16,13.79,33,10.94820794756369
0,255,1,452.66,30.45,6.73,36,5.610874359352132
0,256,1,539.5,76.56,14.19,36,14.452995489019331
0,257,1,542.3,91.19,16.82,36,14.873138278364717
0,258,1,448.75,182.24,40.61,31,29.33088195893208
0,259,1,18.0,18.0,100.0,1,3.780336026475024
0,260,1,43.2,43.2,100.0,2,5.623568958645876
0,261,1,426.6,397.38,93.15,31,52.46691666987853
0,262,1,606.58,40.72,6.71,42,6.9042070718920225
0,263,1,549.58,22.04,4.01,38,4.447038040022966
0,264,1,419.18,54.59,13.02,28,11.055303834708388
0,265,1,528.36,16.75,3.17,36,3.567669669556592
0,266,1,21.6,21.6,100.0,2,6.479461020834613
0,267,1,50.4,50.4,100.0,3,11.490284232071987
0,268,1,459.98,83.53,18.16,32,14.13453115722646
0,269,1,454.32,241.6,53.18,32,36.428300453218995
0,270,1,596.02,229.8,38.56,41,30.130768450087984
0,271,1,351.36,132.96,37.84,27,24.133099867561125
0,272,1,555.0,108.93,19.63,38,17.179680553593574
0,273,1,43.2,43.2,100.0,3,11.102821451493911
0,274,1,21.6,21.6,100.0,2,6.709595304029621
0,275,1,343.8,123.24,35.85,27,20.09322255045217
0,276,1,546.48,21.91,4.01,36,4.911797641497646
0,277,1,683.28,51.1,7.48,48,9.466375426177583
0,278,1,422.66,47.84,11.32,32,8.497288180156422
0,279,1,469.94,42.45,9.03,34,8.474988291797839
0,280,1,46.8,46.8,100.0,3,7.775607912729523
0,281,1,484.92,190.31,39.25,34,27.699588741749643
0,282,1,393.22,189.64,48.23,27,29.30899403817709
0,283,1,433.8,301.69,69.55,30,42.009378121866014
0,284,1,405.64,280.52,69.15,27,40.93320081445319
0,285,1,474.48,91.36,19.25,32,15.230157078953484
0,286,1,21.6,21.6,100.0,1,3.5965971702723567
0,287,1,21.6,21.6,100.0,1,3.2087093974622065
0,288,1,587.02,97.74,16.65,38,16.034717225056244
0,289,1,516.24,97.14,18.82,35,14.054803195788864
0,290,1,559.08,164.9,29.49,37,25.943950638595627
0,291,1,447.48,95.09,21.25,28,16.99163563253843
0,292,1,570.82,51.02,8.94,36,10.047772709103848
0,293,1,59.98,59.98,100.0,4,16.871636629369956
0,294,1,36.58,36.58,100.0,3,7.83570580223945
0,295,1,542.88,204.93,37.75,38,28.232101890145103
0,296,1,455.64,145.33,31.9,30,25.64025922716989
0,297,1,572.74,18.29,3.19,41,3.7533629644303104
0,298,1,455.26,125.31,27.52,31,21.089421785586495
0,299,1,631.22,51.93,8.23,43,9.219109142039242
0,300,1,21.6,21.6,100.0,1,4.193787876446933
0,301,1,391.4,84.9,21.69,26,16.15086381470785
0,302,1,383.4,207.19,54.04,25,34.532049434049064
0,303,1,348.92,166.7,47.78,22,29.69194963259453
0,304,1,25.56,25.56,100.0,3,5.688299314208301
0,305,1,11.16,11.16,100.0,2,2.275810686601336
0,306,1,14.4,14.4,100.0,1,2.4352648097326792
0,307,1,519.36,131.52,25.32,38,20.36370225519787
0,308,1,619.34,88.87,14.35,40,14.415609101580165
0,309,1,462.1,231.66,50.13,30,32.18471864233188
0,310,1,456.32,318.44,69.78,32,35.738345504400044
0,311,1,502.7,187.07,37.21,35,28.37297484115976
0,312,1,14.4,14.4,100.0,1,3.9102954254764177
0,313,1,31.68,31.68,100.0,3,5.322955018114761
0,314,1,640.8,84.93,13.25,42,14.161247681271236
0,315,1,602.14,47.16,7.83,42,8.579991094544809
0,316,1,584.28,70.24,12.02,40,12.591317372840452
0,317,1,601.56,70.54,11.73,42,11.240756613806644
0,318,1,605.14,27.73,4.58,41,5.617952269412079
0,319,1,39.6,39.6,100.0,2,9.654991411332423
0,320,1,5.98,5.98,100.0,1,1.2148559355394581
0,321,1,601.92,55.03,9.14,40,11.23621489296277
0,322,1,418.9,28.59,6.83,31,6.048393801461521
0,323,1,528.82,19.63,3.71,38,4.020674138757667
0,324,1,496.56,128.29,25.84,35,20.089072936077084
0,325,1,529.14,60.1,11.36,37,10.765280225956475
0,326,1,111.6,100.84,90.36,6,22.82872430064834
0,327,1,43.2,43.2,100.0,3,9.36057504317455
0,328,1,457.56,173.6,37.94,31,26.21402468894706
0,329,1,447.16,170.44,38.12,31,26.57398413554044
0,330,1,418.44,176.23,42.12,28,28.40717752119572
0,331,1,383.26,205.85,53.71,26,33.29517733365767
0,332,1,5.4,5.4,100.0,1,1.0868984134574748
0,333,1,5.4,5.4,100.0,1,1.1729883617636616
0,334,1,5.4,5.4,100.0,1,1.1911662805662184
0,335,1,52.2,52.2,100.0,4,13.642880645823539
0,0,1.5,20.16,20.16,100.0,2,2.8387898237279123
0,1,1.5,6.5,6.5,100.0,3,1.385813765671961
0,2,1.5,219.6,219.6,100.0,15,52.80044652895554
0,3,1.5,279.44,279.44,100.0,18,64.50975087742711
0,4,1.5,183.38,183.38,100.0,12,41.64065307269087
0,5,1.5,281.45,249.06,88.49,16,62.723016890780144
0,6,1.5,235.8,235.8,100.0,14,65.06268911426437
0,7,1.5,267.84,258.84,96.64,16,64.126730692337
0,8,1.5,228.96,228.96,100.0,15,52.50461502713725
0,9,1.5,236.74,236.74,100.0,17,56.97258033562972
0,10,1.5,259.1,259.1,100.0,17,67.61758964128522
0,11,1.5,283.46,283.46,100.0,18,78.47730163110063
0,12,1.5,28.2,28.2,100.0,3,8.877796267459654
0,13,1.5,75.6,75.6,100.0,4,21.190344437846633
0,14,1.5,7.2,7.2,100.0,1,1.292778438517075
0,15,1.5,338.26,331.83,98.1,18,61.487846154551114
0,16,1.5,193.68,193.68,100.0,13,43.28510894613314
0,17,1.5,185.47,185.47,100.0,14,33.0478357708005
0,18,1.5,227.88,227.88,100.0,14,48.894828411280606
0,19,1.5,28.63,28.63,100.0,3,7.907304705219687
0,20,1.5,54.0,54.0,100.0,3,12.79106652873811
0,21,1.5,224.78,216.68,96.4,15,50.35553758187316
0,22,1.5,385.06,368.47,95.69,21,90.69127025472838
0,23,1.5,175.68,175.68,100.0,11,36.39505570056221
0,24,1.5,168.98,168.98,100.0,11,39.8955651359634
0,25,1.5,253.08,253.08,100.0,18,50.478652293003954
0,26,1.5,3.05,3.05,100.0,1,0.7443461163851914
0,27,1.5,302.66,295.27,97.56,20,78.84659949009698
0,28,1.5,298.08,298.08,100.0,21,75.35988616632913
0,29,1.5,254.52,254.52,100.0,18,57.91870730837244
0,30,1.5,216.58,216.58,100.0,17,54.290437671541476
0,31,1.5,333.72,320.2,95.95,18,87.03157321299648
0,32,1.5,27.17,27.17,100.0,3,8.275499869294379
0,33,1.5,273.6,273.6,100.0,17,48.973475347833244
0,34,1.5,250.92,250.92,100.0,17,49.43881969322239
0,35,1.5,287.5,287.5,100.0,18,62.3153906219914
0,36,1.5,221.88,221.88,100.0,15,47.11782435088139
0,37,1.5,210.6,210.6,100.0,15,50.17050311767833
0,38,1.5,2.59,2.59,100.0,2,0.4585056544670248
0,39,1.5,41.76,41.76,100.0,2,10.520644992161738
0,40,1.5,348.34,341.46,98.02,21,57.29781938576382
0,41,1.5,291.24,291.24,100.0,16,68.03783089357489
0,42,1.5,209.3,209.3,100.0,17,38.700064406805524
0,43,1.5,250.06,249.41,99.74,16,40.41281115040859
0,44,1.5,33.84,33.84,100.0,2,7.022941202742548
0,45,1.5,59.04,59.04,100.0,4,13.604616134837455
0,46,1.5,222.12,222.12,100.0,16,40.42759668242251
0,47,1.5,387.22,387.22,100.0,26,63.579205005886095
0,48,1.5,361.8,361.8,100.0,26,74.22335523000628
0,49,1.5,273.6,273.6,100.0,17,55.714137384018976
0,50,1.5,355.32,355.32,100.0,26,58.83352747451825
0,51,1.5,38.98,38.98,100.0,4,8.851242119700052
0,52,1.5,34.2,34.2,100.0,1,10.373042273837354
0,53,1.5,244.56,244.56,100.0,19,47.27819478175245
0,54,1.5,287.14,287.14,100.0,20,43.57098683558764
0,55,1.5,270.72,267.05,98.64,17,51.466173241392795
0,56,1.5,264.0,264.0,100.0,19,44.94797822054323
0,57,1.5,270.72,270.72,100.0,18,41.91445129585319
0,58,1.5,51.7,51.7,100.0,6,12.000282946145548
0,59,1.5,33.84,33.84,100.0,3,10.873708088359347
0,60,1.5,249.12,248.12,99.6,18,48.66060722218824
0,61,1.5,254.52,254.52,100.0,19,64.535093935964
0,62,1.5,274.46,274.46,100.0,18,54.979136992955155
0,63,1.5,270.84,270.84,100.0,18,49.92321607264525
0,64,1.5,274.46,274.46,100.0,19,46.42206045180489
0,65,1.5,51.0,51.0,100.0,5,12.269195482855915
0,66,1.5,311.73,299.2,95.98,19,46.469989421208574
0,67,1.5,358.56,358.56,100.0,25,59.87714006057347
0,68,1.5,299.16,299.16,100.0,19,67.80508786592047
0,69,1.5,254.64,254.64,100.0,18,63.930531006035245
0,70,1.5,346.32,346.32,100.0,22,77.52166835577881
0,71,1.5,68.4,68.4,100.0,6,12.127221602501859
0,72,1.5,44.64,44.64,100.0,4,6.017551933232654
0,73,1.5,217.22,217.22,100.0,18,46.75305705468897
0,74,1.5,385.56,380.57,98.71,23,67.19366301180261
0,75,1.5,275.4,275.4,100.0,20,64.88291936539112
0,76,1.5,247.08,247.08,100.0,16,63.038722264272565
0,77,1.5,256.54,256.54,100.0,20,59.82597380255486
0,78,1.5,24.41,24.41,100.0,3,6.367607196437492
0,79,1.5,57.6,57.6,100.0,3,11.5882712821366
0,80,1.5,261.69,261.69,100.0,20,49.95820842716172
0,81,1.5,363.53,363.53,100.0,27,59.09889078041248
0,82,1.5,306.0,294.18,96.14,21,57.58332924356405
0,83,1.5,349.32,337.71,96.68,23,69.98174969865404
0,84,1.5,229.32,229.32,100.0,17,44.792447021523955
0,85,1.5,44.64,44.64,100.0,3,9.67780076963917
0,86,1.5,8.64,8.64,100.0,1,2.840381876836541
0,87,1.5,275.76,275.76,100.0,20,41.51664459642274
0,88,1.5,277.78,277.78,100.0,20,47.09408021028778
0,89,1.5,270.0,270.0,100.0,21,47.41306559084891
0,90,1.5,304.68,299.27,98.22,18,63.64163434445854
0,91,1.5,343.58,343.58,100.0,22,57.251938108955066
0,92,1.5,21.6,21.6,100.0,2,6.026248276690273
0,93,1.5,14.4,14.4,100.0,1,1.5615351276347262
0,94,1.5,341.28,336.58,98.62,20,42.72973582962443
0,95,1.5,318.24,305.15,95.89,18,43.32091602081753
0,96,1.5,329.18,329.18,100.0,22,46.56023190090861
0,97,1.5,322.82,311.1,96.37,21,41.6572016758916
0,98,1.5,383.76,376.68,98.16,24,48.26988967875034
0,99,1.5,50.16,50.16,100.0,6,8.773859314852123
0,100,1.5,106.42,106.42,100.0,7,14.62207659503177
0,101,1.5,420.48,420.48,100.0,31,58.00836163253635
0,102,1.5,356.76,354.32,99.32,27,47.160255721283015
0,103,1.5,335.92,335.92,100.0,26,45.88363920119569
0,104,1.5,431.14,422.49,97.99,32,61.915408819086636
0,105,1.5,273.24,273.24,100.0,17,44.433063710629284
0,106,1.5,28.8,28.8,100.0,2,6.244583294815829
0,107,1.5,28.8,28.8,100.0,1,2.2394719450495346
0,108,1.5,200.3,200.3,100.0,17,26.647511135003707
0,109,1.5,407.16,407.16,100.0,25,52.745856618909684
0,110,1.5,295.18,295.18,100.0,21,48.049042436775956
0,111,1.5,309.22,309.22,100.0,25,44.67958568730276
0,112,1.5,237.6,237.6,100.0,16,34.21580711977019
0,113,1.5,51.84,51.84,100.0,5,9.135057818881895
0,114,1.5,8.64,8.64,100.0,1,2.093953673229601
0,115,1.5,338.57,338.57,100.0,23,58.88912323347608
0,116,1.5,378.22,373.53,98.76,27,38.87281527693014
0,117,1.5,444.1,438.25,98.68,29,60.758158029067424
0,118,1.5,304.92,304.92,100.0,24,47.82977549292858
0,119,1.5,393.84,387.37,98.36,26,64.07718467400676
0,120,1.5,263.3,263.3,100.0,20,26.02047117671525
0,121,1.5,450.72,435.33,96.59,28,32.41796593950023
0,122,1.5,354.96,354.96,100.0,24,46.36607182274967
0,123,1.5,350.06,350.06,100.0,23,60.246825437489285
0,124,1.5,410.18,390.08,95.1,27,63.20574250611507
0,125,1.5,41.76,41.76,100.0,4,7.816454826574007
0,126,1.5,15.84,15.84,100.0,2,2.765970371952611
0,127,1.5,275.04,275.04,100.0,21,37.02260820730966
0,128,1.5,447.48,443.99,99.22,32,40.84171320158648
0,129,1.5,307.3,307.3,100.0,24,41.77309905955816
0,130,1.5,261.39,261.39,100.0,24,43.426590286274504
0,131,1.5,401.12,386.7,96.41,27,66.59891773594033
0,132,1.5,21.6,21.6,100.0,2,5.366840287953532
0,133,1.5,21.6,21.6,100.0,2,4.858084113594278
0,134,1.5,287.83,287.83,100.0,22,35.19048261513307
0,135,1.5,326.96,326.96,100.0,23,29.38912139562063
0,136,1.5,261.0,261.0,100.0,21,28.89599089173401
0,137,1.5,400.93,379.07,94.55,28,41.32791870898078
0,138,1.5,295.2,292.45,99.07,19,31.67853726339099
0,139,1.5,15.84,15.84,100.0,2,2.547524642984012
0,140,1.5,8.64,8.64,100.0,1,2.094728381481593
0,141,1.5,23.98,23.98,100.0,3,3.813456062764977
0,142,1.5,415.8,415.8,100.0,28,50.26559152776844
0,143,1.5,377.86,377.82,99.99,26,58.038743906464646
0,144,1.5,332.35,332.35,100.0,25,46.7939766717078
0,145,1.5,325.08,311.19,95.73,20,55.73752440301207
0,146,1.5,274.93,274.93,100.0,20,34.70282012293405
0,147,1.5,392.98,392.98,100.0,29,61.199307292741445
0,148,1.5,415.44,407.79,98.16,28,34.98728407310702
0,149,1.5,441.48,436.67,98.91,29,47.133670702785174
0,150,1.5,423.72,407.37,96.14,29,62.61079853188667
0,151,1.5,30.24,30.24,100.0,3,8.523647614008159
0,152,1.5,37.44,37.44,100.0,3,6.980946528585444
0,153,1.5,306.58,306.58,100.0,24,54.941835506064486
0,154,1.5,400.18,400.18,100.0,27,66.69374148097093
0,155,1.5,273.6,273.6,100.0,22,35.752046436507186
0,156,1.5,340.92,340.92,100.0,25,33.70338377147815
0,157,1.5,168.48,152.33,90.41,11,24.070762920382233
0,158,1.5,21.6,21.6,100.0,2,5.474617333797549
0,159,1.5,28.8,28.8,100.0,3,6.366661154362607
0,160,1.5,369.72,364.49,98.59,24,56.551053158892344
0,161,1.5,335.02,333.23,99.47,25,44.28143616248949
0,162,1.5,342.36,342.36,100.0,25,45.562861342729846
0,163,1.5,293.76,293.76,100.0,23,35.31001065634974
0,164,1.5,302.18,281.83,93.27,19,52.91436397652906
0,165,1.5,29.66,29.66,100.0,2,7.753091326814843
0,166,1.5,8.64,8.64,100.0,1,2.621470845856074
0,167,1.5,294.98,294.98,100.0,22,69.99667091447105
0,168,1.5,494.28,437.1,88.43,32,98.068238489279
0,169,1.5,231.08,231.08,100.0,20,48.11495309038312
0,170,1.5,302.04,302.04,100.0,25,44.66030358334813
0,171,1.5,417.74,413.08,98.88,27,70.588156840986
0,172,1.5,21.6,21.6,100.0,2,6.288189627874778
0,173,1.5,20.16,20.16,100.0,2,4.356692457206693
0,174,1.5,398.52,398.52,100.0,26,76.66161402990338
0,175,1.5,285.84,251.01,87.81,24,41.80731485188979
0,176,1.5,342.36,342.36,100.0,29,59.351180726197846
0,177,1.5,283.9,283.9,100.0,21,50.468441667771174
0,178,1.5,23.04,23.04,100.0,2,4.874092670103395
0,179,1.5,8.64,8.64,100.0,1,2.5638707603141535
0,180,1.5,337.44,337.44,100.0,25,75.81727467353248
0,181,1.5,389.98,389.98,100.0,28,81.51938540716264
0,182,1.5,401.86,401.86,100.0,30,85.70086396945975
0,183,1.5,389.4,389.4,100.0,27,83.54978721348881
0,184,1.5,340.42,340.42,100.0,24,56.861250539502784
0,185,1.5,419.9,419.9,100.0,27,68.04373940231535
0,186,1.5,428.4,428.4,100.0,29,78.22582059842503
0,187,1.5,391.68,391.68,100.0,28,77.94807182595552
0,188,1.5,395.42,395.42,100.0,28,87.70124851726993
0,189,1.5,454.54,454.54,100.0,29,104.44221892252939
0,190,1.5,8.64,8.64,100.0,1,2.2934610485279556
0,191,1.5,51.84,51.84,100.0,3,10.110118668924303
0,192,1.5,448.2,441.28,98.46,31,92.52314753770513
0,193,1.5,484.56,476.24,98.28,31,106.0421174598963
0,194,1.5,415.72,411.21,98.92,26,88.54907459608732
0,195,1.5,343.44,338.6,98.59,21,73.75883913658468
0,196,1.5,402.62,402.62,100.0,26,85.88134526120822
0,197,1.5,46.8,46.8,100.0,3,12.378998122440702
0,198,1.5,483.48,373.25,77.2,30,86.66564607039834
0,199,1.5,358.08,342.51,95.65,25,82.99613222094374
0,200,1.5,440.76,384.67,87.27,32,87.90897482925308
0,201,1.5,316.66,316.66,100.0,22,71.76660893503535
0,202,1.5,395.42,395.42,100.0,27,88.5724054005738
0,203,1.5,456.26,443.87,97.28,26,102.65862870167793
0,204,1.5,461.58,461.58,100.0,31,106.53362745966771
0,205,1.5,508.32,508.32,100.0,33,106.40797659029481
0,206,1.5,495.16,261.99,52.91,36,61.85486795848446
0,207,1.5,499.2,314.51,63.0,34,67.31158110671501
0,208,1.5,21.6,21.6,100.0,2,6.662994239837431
0,209,1.5,43.2,43.2,100.0,3,11.174646091032946
0,210,1.5,450.98,317.68,70.44,28,76.95303985212888
0,211,1.5,499.08,372.67,74.67,36,79.14815156121057
0,212,1.5,429.6,427.05,99.41,29,77.70733917453015
0,213,1.5,479.16,479.16,100.0,31,102.58526129453537
0,214,1.5,356.26,356.26,100.0,25,71.49331959567894
0,215,1.5,21.6,21.6,100.0,1,3.8416280982142226
0,216,1.5,36.0,36.0,100.0,3,8.875810883944897
0,217,1.5,544.7,544.7,100.0,32,109.3820160250868
0,218,1.5,427.06,217.08,50.83,29,42.26339464450152
0,219,1.5,504.36,490.53,97.26,34,92.15989333030323
0,220,1.5,608.26,371.8,61.13,37,77.70530639082577
0,221,1.5,440.28,440.28,100.0,28,105.0510717656352
0,222,1.5,7.2,7.2,100.0,1,1.658526273975438
0,223,1.5,432.22,432.22,100.0,32,96.05212224375892
0,224,1.5,404.9,404.9,100.0,29,80.09487377446537
0,225,1.5,403.68,403.68,100.0,27,95.20546119282156
0,226,1.5,325.94,325.94,100.0,24,71.97478711310191
0,227,1.5,461.52,454.77,98.54,30,105.90006773842994
0,228,1.5,11.16,11.16,100.0,2,2.4402307896254123
0,229,1.5,563.98,557.87,98.92,35,107.70679538467367
0,230,1.5,491.38,489.99,99.72,32,105.18375531183072
0,231,1.5,386.28,386.28,100.0,27,79.29479773049667
0,232,1.5,434.16,434.16,100.0,31,72.4143992295113
0,233,1.5,21.6,21.6,100.0,2,6.22992335044256
0,234,1.5,21.6,21.6,100.0,2,6.283490172676249
0,235,1.5,481.32,481.32,100.0,34,93.04843672489355
0,236,1.5,493.84,493.84,100.0,36,102.7419975622279
0,237,1.5,532.2,529.44,99.48,33,108.18009612561009
0,238,1.5,478.8,280.33,58.55,34,61.74128658777904
0,239,1.5,509.4,491.05,96.4,32,109.21626121844962
0,240,1.5,14.4,14.4,100.0,1,3.221214215996817
0,241,1.5,362.66,362.66,100.0,30,83.90687019593761
0,242,1.5,548.28,185.19,33.78,43,40.87279355567813
0,243,1.5,537.46,537.02,99.92,36,100.82538736022362
0,244,1.5,425.11,425.11,100.0,31,88.56726042932634
0,245,1.5,449.78,449.78,100.0,31,94.93223191398509
0,246,1.5,28.8,28.8,100.0,3,8.319959518025046
0,247,1.5,64.8,64.8,100.0,5,14.395560951091168
0,248,1.5,550.66,436.68,79.3,36,89.62290536669695
0,0,1.1,20.16,20.16,100.0,2,2.838789823730772
0,1,1.1,6.5,6.5,100.0,3,1.385813765672809
0,2,1.1,219.6,135.6,61.75,15,29.447874216870854
0,3,1.1,279.44,137.74,49.29,18,28.73351736247106
0,4,1.1,183.38,183.38,100.0,12,41.640653072677935
0,5,1.1,281.45,150.03,53.31,16,35.65431242516271
0,6,1.1,235.8,105.63,44.8,14,27.333152652359708
0,7,1.1,267.84,148.5,55.44,16,34.578250862951386
0,249,1.5,563.04,242.36,43.04,42,51.455663959185884
0,8,1.1,228.96,173.52,75.79,15,37.51747254076683
0,9,1.1,236.74,110.72,46.77,17,22.962517657098676
0,10,1.1,259.1,109.34,42.2,17,24.834089192704777
0,11,1.1,283.46,79.84,28.17,18,19.952035531813674
0,12,1.1,28.2,28.2,100.0,3,8.877796267409028
0,250,1.5,447.12,275.52,61.62,32,63.41675138354454
0,13,1.1,75.6,75.6,100.0,4,21.19034443783037
0,14,1.1,7.2,7.2,100.0,1,1.2927784385176846
0,15,1.1,338.26,320.47,94.74,18,58.68069037516675
0,16,1.1,193.68,193.68,100.0,13,43.28510894611379
0,17,1.1,185.47,185.47,100.0,14,33.04783577086663
0,18,1.1,227.88,227.88,100.0,14,48.89482841128132
0,19,1.1,28.63,28.63,100.0,3,7.907304705235726
0,20,1.1,54.0,54.0,100.0,3,12.791066528736385
0,21,1.1,224.78,216.68,96.4,15,50.355537581762924
0,251,1.5,504.88,245.83,48.69,33,57.02066079965171
0,22,1.1,385.06,125.16,32.5,21,28.09145867410687
0,23,1.1,175.68,175.68,100.0,11,36.395055700563006
0,24,1.1,168.98,168.98,100.0,11,39.89556513593917
0,25,1.1,253.08,253.08,100.0,18,50.478652292978786
0,26,1.1,3.05,3.05,100.0,1,0.7443461163846187
0,27,1.1,302.66,87.98,29.07,20,22.33676584532022
0,252,1.5,496.66,264.58,53.27,34,58.47257044034492
0,253,1.5,61.2,61.2,100.0,4,15.063581853789032
0,28,1.1,298.08,56.97,19.11,21,12.82791833445832
0,29,1.1,254.52,138.38,54.37,18,27.90640411795853
0,30,1.1,216.58,92.15,42.55,17,20.291821843434455
0,31,1.1,333.72,102.89,30.83,18,25.3858482924705
0,32,1.1,27.17,27.17,100.0,3,8.275499869285357
0,33,1.1,273.6,273.6,100.0,17,48.973475347833876
0,254,1.5,486.94,292.4,60.05,33,55.964047938268344
0,34,1.1,250.92,250.92,100.0,17,49.43881969324974
0,35,1.1,287.5,204.19,71.02,18,41.29080253641871
0,36,1.1,221.88,221.88,100.0,15,47.117824350791736
0,37,1.1,210.6,165.71,78.68,15,37.54493576471925
0,38,1.1,2.59,2.59,100.0,2,0.4585056544666406
0,39,1.1,41.76,41.76,100.0,2,10.520644992121545
0,40,1.1,348.34,341.46,98.02,21,57.297819385761564
0,41,1.1,291.24,195.37,67.08,16,42.42202650017455
0,255,1.5,452.66,452.66,100.0,36,94.82657221186564
0,42,1.1,209.3,209.3,100.0,17,38.700064406748474
0,43,1.1,250.06,249.41,99.74,16,40.41281115042487
0,44,1.1,33.84,33.84,100.0,2,7.022941202758722
0,45,1.1,59.04,59.04,100.0,4,13.604616134841255
0,46,1.1,222.12,222.12,100.0,16,40.42759668236432
0,47,1.1,387.22,298.16,77.0,26,43.73717877864087
0,256,1.5,539.5,474.2,87.9,36,99.3244346780964
0,48,1.1,361.8,157.73,43.6,26,26.860983362550034
0,49,1.1,273.6,234.33,85.65,17,45.549660197947134
0,50,1.1,355.32,294.95,83.01,26,45.8302789002026
0,51,1.1,38.98,38.98,100.0,4,8.851242119703013
0,52,1.1,34.2,34.2,100.0,1,10.373042272264618
0,53,1.1,244.56,244.56,100.0,19,47.278194781774395
0,54,1.1,287.14,287.14,100.0,20,43.57098683545175
0,257,1.5,542.3,534.86,98.63,36,101.63610781819521
0,55,1.1,270.72,267.05,98.64,17,51.466173241397186
0,56,1.1,264.0,264.0,100.0,19,44.94797822057007
0,57,1.1,270.72,270.72,100.0,18,41.914451295751576
0,258,1.5,448.75,448.75,100.0,31,80.53485838228656
0,259,1.5,18.0,18.0,100.0,1,3.780336026789715
0,260,1.5,43.2,43.2,100.0,2,5.623568958692049
0,58,1.1,51.7,51.7,100.0,6,12.000282946134602
0,59,1.1,33.84,33.84,100.0,3,10.873708088371288
0,60,1.1,249.12,248.12,99.6,18,48.66060722218204
0,61,1.1,254.52,89.41,35.13,19,20.876857521678197
0,261,1.5,426.6,426.6,100.0,31,57.675427344690554
0,62,1.1,274.46,265.96,96.9,18,52.84523256048367
0,63,1.1,270.84,270.84,100.0,18,49.92321607261107
0,64,1.1,274.46,274.46,100.0,19,46.422060451789086
0,65,1.1,51.0,51.0,100.0,5,12.269195482872936
0,66,1.1,311.73,299.2,95.98,19,46.469989421167845
0,67,1.1,358.56,358.56,100.0,25,59.877140060512914
0,68,1.1,299.16,170.07,56.85,19,35.034352205981776
0,69,1.1,254.64,100.71,39.55,18,22.850003265520044
0,262,1.5,606.58,529.27,87.25,42,100.80118895852077
0,70,1.1,346.32,149.85,43.27,22,28.612360171226257
0,71,1.1,68.4,68.4,100.0,6,12.127221602504621
0,72,1.1,44.64,44.64,100.0,4,6.017551933239268
0,73,1.1,217.22,217.22,100.0,18,46.75305705464054
0,74,1.1,385.56,286.05,74.19,23,45.00156841240635
0,75,1.1,275.4,127.59,46.33,20,26.532583921481862
0,76,1.1,247.08,121.63,49.23,16,28.12002375602984
0,77,1.1,256.54,107.0,41.71,20,22.26955697508173
0,78,1.1,24.41,24.41,100.0,3,6.367607196436731
0,79,1.1,57.6,57.6,100.0,3,11.588271282139484
0,263,1.5,549.58,269.02,48.95,38,56.85565127909034
0,80,1.1,261.69,261.69,100.0,20,49.9582084271474
0,264,1.5,419.18,419.18,100.0,28,96.47411936491122
0,81,1.1,363.53,363.53,100.0,27,59.09889078036344
0,82,1.1,306.0,188.72,61.67,21,31.205168181052287
0,83,1.1,349.32,182.11,52.13,23,32.782476314049696
0,84,1.1,229.32,229.32,100.0,17,44.79244702181083
0,85,1.1,44.64,44.64,100.0,3,9.6778007696271
0,86,1.1,8.64,8.64,100.0,1,2.8403818765807594
0,265,1.5,528.36,262.99,49.77,36,59.14466746140595
0,266,1.5,21.6,21.6,100.0,2,6.479461020753116
0,267,1.5,50.4,50.4,100.0,3,11.4902842322995
0,87,1.1,275.76,275.76,100.0,20,41.51664459643599
0,88,1.1,277.78,277.78,100.0,20,47.0940802102796
0,89,1.1,270.0,270.0,100.0,21,47.41306558924206
0,268,1.5,459.98,459.98,100.0,32,89.04273576213028
0,90,1.1,304.68,198.43,65.13,18,38.035105451514575
0,91,1.1,343.58,343.58,100.0,22,57.251938108763675
0,92,1.1,21.6,21.6,100.0,2,6.026248276707594
0,93,1.1,14.4,14.4,100.0,1,1.5615351276288334
0,94,1.1,341.28,336.58,98.62,20,42.72973582962215
0,269,1.5,454.32,454.32,100.0,32,74.05394530440239
0,95,1.1,318.24,305.15,95.89,18,43.320916020821244
0,96,1.1,329.18,329.18,100.0,22,46.560231900987986
0,97,1.1,322.82,311.1,96.37,21,41.65720167601968
0,98,1.1,383.76,376.68,98.16,24,48.269889678751355
0,99,1.1,50.16,50.16,100.0,6,8.773859314851894
0,100,1.1,106.42,106.42,100.0,7,14.622076595030924
0,101,1.1,420.48,420.48,100.0,31,58.0083616325489
0,270,1.5,596.02,596.02,100.0,41,94.37659244401557
0,102,1.1,356.76,354.32,99.32,27,47.160255721423304
0,271,1.5,351.36,351.36,100.0,27,67.29957315295805
0,103,1.1,335.92,335.92,100.0,26,45.883639201205405
0,104,1.1,431.14,400.75,92.95,32,57.725463919992094
0,105,1.1,273.24,273.24,100.0,17,44.43306371058981
0,106,1.1,28.8,28.8,100.0,2,6.2445832947325295
0,107,1.1,28.8,28.8,100.0,1,2.2394719451404947
0,272,1.5,555.0,555.0,100.0,38,104.30988843548508
0,273,1.5,43.2,43.2,100.0,3,11.10282145149375
0,274,1.5,21.6,21.6,100.0,2,6.709595304036136
0,108,1.1,200.3,200.3,100.0,17,26.647511135016643
0,275,1.5,343.8,343.8,100.0,27,66.38165160640847
0,109,1.1,407.16,407.16,100.0,25,52.745856618925984
0,110,1.1,295.18,295.18,100.0,21,48.04904243663849
0,111,1.1,309.22,309.22,100.0,25,44.679585687119605
0,112,1.1,237.6,237.6,100.0,16,34.21580711976246
0,113,1.1,51.84,51.84,100.0,5,9.135057818880176
0,114,1.1,8.64,8.64,100.0,1,2.0939536732160535
0,276,1.5,546.48,151.99,27.81,36,35.67191314112617
0,115,1.1,338.57,338.57,100.0,23,58.88912323346834
0,116,1.1,378.22,373.53,98.76,27,38.87281527692527
0,117,1.1,444.1,438.25,98.68,29,60.75815802906419
0,118,1.1,304.92,304.92,100.0,24,47.82977549314691
0,119,1.1,393.84,381.61,96.89,26,62.88940822048057
0,120,1.1,263.3,263.3,100.0,20,26.02047117675943
0,121,1.1,450.72,435.33,96.59,28,32.417965939637284
0,277,1.5,683.28,261.1,38.21,48,51.79396850180656
0,122,1.1,354.96,354.96,100.0,24,46.36607182254646
0,123,1.1,350.06,350.06,100.0,23,60.24682543630801
0,278,1.5,422.66,422.66,100.0,32,85.9617944785469
0,124,1.1,410.18,390.08,95.1,27,63.205742506098616
0,125,1.1,41.76,41.76,100.0,4,7.816454826544871
0,126,1.1,15.84,15.84,100.0,2,2.765970371958425
0,127,1.1,275.04,275.04,100.0,21,37.0226082071964
0,279,1.5,469.94,469.94,100.0,34,102.90903079889385
0,280,1.5,46.8,46.8,100.0,3,7.775607912817632
0,128,1.1,447.48,443.99,99.22,32,40.84171320150108
0,129,1.1,307.3,307.3,100.0,24,41.77309905945989
0,281,1.5,484.92,484.92,100.0,34,81.63718825455548
0,130,1.1,261.39,261.39,100.0,24,43.4265902862601
0,282,1.5,393.22,393.22,100.0,27,72.18113528071687
0,131,1.1,401.12,291.67,72.71,27,46.89518037923125
0,132,1.1,21.6,21.6,100.0,2,5.3668402880149655
0,133,1.1,21.6,21.6,100.0,2,4.858084113597276
0,134,1.1,287.83,287.83,100.0,22,35.190482615139594
0,283,1.5,433.8,433.8,100.0,30,66.65118561758514
0,135,1.1,326.96,326.96,100.0,23,29.389121395621295
0,136,1.1,261.0,261.0,100.0,21,28.895990891823278
0,284,1.5,405.64,397.19,97.92,27,63.12137001797197
0,137,1.1,400.93,379.07,94.55,28,41.327918709151746
0,285,1.5,474.48,474.48,100.0,32,92.2154711010479
0,286,1.5,21.6,21.6,100.0,1,3.5965971697033723
0,138,1.1,295.2,292.45,99.07,19,31.678537263589654
0,287,1.5,21.6,21.6,100.0,1,3.20870939720437
0,139,1.1,15.84,15.84,100.0,2,2.5475246429960166
0,140,1.1,8.64,8.64,100.0,1,2.0947283813658766
0,141,1.1,23.98,23.98,100.0,3,3.8134560627258165
0,142,1.1,415.8,415.8,100.0,28,50.26559152776455
0,143,1.1,377.86,377.82,99.99,26,58.03874390628281
0,144,1.1,332.35,332.35,100.0,25,46.79397667171516
0,288,1.5,587.02,353.24,60.18,38,62.46914414337427
0,145,1.1,325.08,311.19,95.73,20,55.737524403009
0,146,1.1,274.93,274.93,100.0,20,34.70282012284012
0,147,1.1,392.98,392.98,100.0,29,61.19930729274579
0,289,1.5,516.24,516.24,100.0,35,99.9239873932399
0,148,1.1,415.44,407.79,98.16,28,34.98728407299919
0,149,1.1,441.48,436.67,98.91,29,47.133670702789004
0,290,1.5,559.08,559.08,100.0,37,99.32165692651027
0,150,1.1,423.72,380.77,89.86,29,57.36390203939619
0,151,1.1,30.24,30.24,100.0,3,8.523647614006387
0,152,1.1,37.44,37.44,100.0,3,6.980946528596032
0,291,1.5,447.48,447.48,100.0,28,96.45048412095672
0,153,1.1,306.58,306.58,100.0,24,54.9418355059779
0,154,1.1,400.18,400.18,100.0,27,66.69374148093885
0,155,1.1,273.6,273.6,100.0,22,35.75204643654091
0,292,1.5,570.82,276.83,48.5,36,58.91448195479807
0,156,1.1,340.92,340.92,100.0,25,33.70338377156287
0,293,1.5,59.98,59.98,100.0,4,16.87163662936837
0,294,1.5,36.58,36.58,100.0,3,7.83570580221222
0,157,1.1,168.48,152.33,90.41,11,24.070762920371806
0,158,1.1,21.6,21.6,100.0,2,5.474617333789311
0,159,1.1,28.8,28.8,100.0,3,6.366661154371836
0,160,1.1,369.72,364.49,98.59,24,56.55105315883127
0,161,1.1,335.02,333.23,99.47,25,44.281436162491815
0,162,1.1,342.36,342.36,100.0,25,45.562861342756335
0,295,1.5,542.88,542.88,100.0,38,89.14845095760948
0,163,1.1,293.76,293.76,100.0,23,35.310010656337546
0,164,1.1,302.18,281.83,93.27,19,52.91436397652687
0,165,1.1,29.66,29.66,100.0,2,7.753091326808196
0,166,1.1,8.64,8.64,100.0,1,2.621470845641197
0,296,1.5,455.64,455.64,100.0,30,90.47402659031648
0,167,1.1,294.98,110.25,37.38,22,24.928832111712495
0,168,1.1,494.28,111.53,22.56,32,23.350362353989414
0,169,1.1,231.08,231.08,100.0,20,48.114953090337146
0,170,1.1,302.04,302.04,100.0,25,44.66030358334764
0,297,1.5,572.74,211.7,36.96,41,45.81929782548985
0,171,1.1,417.74,401.9,96.21,27,68.37107107988366
0,172,1.1,21.6,21.6,100.0,2,6.288189627875576
0,173,1.1,20.16,20.16,100.0,2,4.35669245717356
0,298,1.5,455.26,455.26,100.0,31,89.55693503707761
0,174,1.1,398.52,270.52,67.88,26,50.02864421883845
0,175,1.1,285.84,224.38,78.5,24,36.93468297543825
0,176,1.1,342.36,307.78,89.9,29,52.745916853569916
0,177,1.1,283.9,283.9,100.0,21,50.46844166770117
0,178,1.1,23.04,23.04,100.0,2,4.874092670100113
0,179,1.1,8.64,8.64,100.0,1,2.563870760645257
0,180,1.1,337.44,139.7,41.4,25,29.635982369267005
0,299,1.5,631.22,394.83,62.55,43,76.1616035020741
0,300,1.5,21.6,21.6,100.0,1,4.193787876445507
0,181,1.1,389.98,152.72,39.16,28,29.51900289628689
0,301,1.5,391.4,391.4,100.0,26,86.37394074940026
0,302,1.5,383.4,383.4,100.0,25,71.31064090721208
0,182,1.1,401.86,124.49,30.98,30,24.976158706794276
0,303,1.5,348.92,347.34,99.55,22,70.3679395507688
0,304,1.5,25.56,25.56,100.0,3,5.688299314222195
0,305,1.5,11.16,11.16,100.0,2,2.275810686598265
0,306,1.5,14.4,14.4,100.0,1,2.435264809962962
0,183,1.1,389.4,162.16,41.64,27,32.658350462771935
0,184,1.1,340.42,340.42,100.0,24,56.86125053950077
0,185,1.1,419.9,419.9,100.0,27,68.04373940226537
0,307,1.5,519.36,519.36,100.0,38,99.82706993102141
0,186,1.1,428.4,271.46,63.37,29,47.476373257221844
0,187,1.1,391.68,206.57,52.74,28,39.0880769733462
0,188,1.1,395.42,115.36,29.17,28,23.7857771231704
0,308,1.5,619.34,526.97,85.09,40,99.21486570115742
0,189,1.1,454.54,97.21,21.39,29,20.757316125691357
0,190,1.1,8.64,8.64,100.0,1,2.2934610485655424
0,191,1.1,51.84,51.84,100.0,3,10.110118668942784
0,309,1.5,462.1,459.17,99.37,30,76.84000514809827
0,192,1.1,448.2,137.27,30.63,31,26.258954658006225
0,310,1.5,456.32,453.05,99.28,32,61.55684895877971
0,193,1.1,484.56,108.52,22.4,31,22.334947490228778
0,194,1.1,415.72,203.14,48.86,26,41.26764322114651
0,195,1.1,343.44,202.62,59.0,21,41.28612429074675
0,311,1.5,502.7,502.7,100.0,35,89.39970372110233
0,312,1.5,14.4,14.4,100.0,1,3.910295425354551
0,313,1.5,31.68,31.68,100.0,3,5.322955018118664
0,196,1.1,402.62,187.33,46.53,26,36.931942124873515
0,197,1.1,46.8,46.8,100.0,3,12.378998122458176
0,198,1.1,483.48,101.38,20.97,30,21.885595535575572
0,199,1.1,358.08,99.12,27.68,25,22.321562119639985
0,200,1.1,440.76,35.3,8.01,32,7.4225456203095455
0,314,1.5,640.8,395.19,61.67,42,71.85317531897003
0,201,1.1,316.66,146.35,46.22,22,32.002617974913875
0,202,1.1,395.42,68.62,17.35,27,14.518591041851458
0,203,1.1,456.26,101.74,22.3,26,21.951740184227425
0,204,1.1,461.58,56.2,12.18,31,12.193225265420885
0,315,1.5,602.14,274.61,45.61,42,54.09988586400938
0,205,1.1,508.32,107.81,21.21,33,20.654991284027673
0,316,1.5,584.28,397.8,68.08,40,76.43019727100935
0,206,1.1,495.16,44.63,9.01,36,9.857325334773966
0,207,1.1,499.2,66.41,13.3,34,13.257391805389677
0,208,1.1,21.6,21.6,100.0,2,6.662994239836813
0,209,1.1,43.2,43.2,100.0,3,11.174646091020657
0,317,1.5,601.56,424.97,70.64,42,76.51447212014506
0,210,1.1,450.98,83.75,18.57,28,18.896564540749804
0,211,1.1,499.08,92.45,18.52,36,17.915658911044787
0,318,1.5,605.14,280.54,46.36,41,59.28074069185628
0,319,1.5,39.6,39.6,100.0,2,9.654991411201305
0,320,1.5,5.98,5.98,100.0,1,1.2148559355510424
0,212,1.1,429.6,266.5,62.03,29,45.089320157442174
0,213,1.1,479.16,82.69,17.26,31,15.751680804247474
0,214,1.1,356.26,195.19,54.79,25,37.42935616785734
0,215,1.1,21.6,21.6,100.0,1,3.841628098195411
0,216,1.1,36.0,36.0,100.0,3,8.875810883927338
0,321,1.5,601.92,253.59,42.13,40,54.580810166789426
0,217,1.1,544.7,187.49,34.42,32,35.15570361501354
0,322,1.5,418.9,418.9,100.0,31,95.18001129129823
0,218,1.1,427.06,82.94,19.42,29,15.225418057335661
0,323,1.5,528.82,287.96,54.45,38,60.53966587391276
0,219,1.1,504.36,200.14,39.68,34,31.84351431826486
0,324,1.5,496.56,496.56,100.0,35,97.73237492428795
0,220,1.1,608.26,92.96,15.28,37,18.322133237371435
0,221,1.1,440.28,85.56,19.43,28,19.01144564069703
0,222,1.1,7.2,7.2,100.0,1,1.6585262739750137
0,325,1.5,529.14,499.92,94.48,37,101.76780596611252
0,326,1.5,111.6,100.84,90.36,6,22.828724300590974
0,327,1.5,43.2,43.2,100.0,3,9.360575043111696
0,223,1.1,432.22,66.21,15.32,32,13.917943861288686
0,328,1.5,457.56,457.56,100.0,31,84.32496467509165
0,224,1.1,404.9,159.79,39.46,29,30.20713456626911
0,225,1.1,403.68,101.28,25.09,27,22.45524265056167
0,329,1.5,447.16,447.16,100.0,31,81.91456569488278
0,226,1.1,325.94,132.28,40.58,24,27.43917774541528
0,330,1.5,418.44,418.44,100.0,28,78.13174828552263
0,227,1.1,461.52,81.63,17.69,30,17.772137874079004
0,228,1.1,11.16,11.16,100.0,2,2.440230789635078
0,331,1.5,383.26,375.58,98.0,26,68.91399243203597
0,332,1.5,5.4,5.4,100.0,1,1.0868984134583952
0,333,1.5,5.4,5.4,100.0,1,1.1729883617636516
0,334,1.5,5.4,5.4,100.0,1,1.1911662805660734
0,335,1.5,52.2,52.2,100.0,4,13.642880645826285
0,229,1.1,563.98,208.55,36.98,35,36.290832910172966
0,230,1.1,491.38,122.21,24.87,32,23.608801348028752
0,231,1.1,386.28,166.91,43.21,27,31.323527944017606
0,232,1.1,434.16,276.8,63.76,31,40.40141994052493
0,233,1.1,21.6,21.6,100.0,2,6.229923350478992
0,234,1.1,21.6,21.6,100.0,2,6.283490172660886
0,235,1.1,481.32,223.17,46.37,34,38.645725622977935
0,236,1.1,493.84,97.47,19.74,36,17.742111287267385
0,237,1.1,532.2,163.28,30.68,33,29.546687058878987
0,238,1.1,478.8,48.34,10.1,34,9.964172838001101
0,239,1.1,509.4,83.94,16.48,32,16.960230361266888
0,240,1.1,14.4,14.4,100.0,1,3.221214216115646
0,241,1.1,362.66,47.61,13.13,30,10.130243488432596
0,242,1.1,548.28,39.81,7.26,43,8.529184361661565
0,243,1.1,537.46,214.66,39.94,36,36.48947167083262
0,244,1.1,425.11,128.69,30.27,31,23.662307857200616
0,245,1.1,449.78,123.1,27.37,31,22.863702496621123
0,246,1.1,28.8,28.8,100.0,3,8.31995951802564
0,247,1.1,64.8,64.8,100.0,5,14.395560951090737
0,248,1.1,550.66,91.47,16.61,36,17.361872145152333
0,249,1.1,563.04,52.9,9.4,42,10.728870762864181
0,250,1.1,447.12,54.65,12.22,32,11.72475222921296
0,251,1.1,504.88,38.72,7.67,33,8.577111090907627
0,252,1.1,496.66,49.56,9.98,34,10.202856356955616
0,253,1.1,61.2,61.2,100.0,4,15.063581853818057
0,254,1.1,486.94,98.64,20.26,33,16.435352786490267
0,255,1.1,452.66,67.44,14.9,36,12.548883800686012
0,256,1.1,539.5,102.79,19.05,36,19.612009425239247
0,257,1.1,542.3,155.42,28.66,36,25.933024812072144
0,258,1.1,448.75,267.69,59.65,31,44.85630400315367
0,259,1.1,18.0,18.0,100.0,1,3.780336026616414
0,260,1.1,43.2,43.2,100.0,2,5.62356895873931
0,261,1.1,426.6,426.6,100.0,31,57.6754273446976
0,262,1.1,606.58,75.37,12.43,42,12.857395147176694
0,263,1.1,549.58,41.33,7.52,38,8.377563669281539
0,264,1.1,419.18,97.37,23.23,28,20.022359863596765
0,265,1.1,528.36,38.21,7.23,36,8.274019866960051
0,266,1.1,21.6,21.6,100.0,2,6.479461020744937
0,267,1.1,50.4,50.4,100.0,3,11.490284232257123
0,268,1.1,459.98,150.55,32.73,32,26.049826452578206
0,269,1.1,454.32,406.59,89.49,32,65.26255826989299
0,270,1.1,596.02,330.52,55.45,41,46.222596284577584
0,271,1.1,351.36,229.89,65.43,27,42.79807655126152
0,272,1.1,555.0,174.59,31.46,38,28.318604609278832
0,273,1.1,43.2,43.2,100.0,3,11.102821451488943
0,274,1.1,21.6,21.6,100.0,2,6.709595304032579
0,275,1.1,343.8,178.88,52.03,27,30.62927234183899
0,276,1.1,546.48,34.75,6.36,36,7.864512680364195
0,277,1.1,683.28,70.42,10.31,48,13.20488964641219
0,278,1.1,422.66,99.17,23.46,32,17.80064475071922
0,279,1.1,469.94,69.38,14.76,34,14.031946425492826
0,280,1.1,46.8,46.8,100.0,3,7.775607912720768
0,281,1.1,484.92,289.12,59.62,34,44.5076188447045
0,282,1.1,393.22,251.93,64.07,27,41.467593029088675
0,283,1.1,433.8,433.8,100.0,30,66.65118561729196
0,284,1.1,405.64,397.19,97.92,27,63.12137001764866
0,285,1.1,474.48,163.68,34.5,32,27.680106558444628
0,286,1.1,21.6,21.6,100.0,1,3.5965971700254733
0,287,1.1,21.6,21.6,100.0,1,3.2087093971701623
0,288,1.1,587.02,147.82,25.18,38,24.43723969541082
0,289,1.1,516.24,154.06,29.84,35,24.008706467080923
0,290,1.1,559.08,252.33,45.13,37,40.455878610941404
0,291,1.1,447.48,152.29,34.03,28,27.847940888391875
0,292,1.1,570.82,70.37,12.33,36,14.035457762051003
0,293,1.1,59.98,59.98,100.0,4,16.871636629393468
0,294,1.1,36.58,36.58,100.0,3,7.835705802212792
0,295,1.1,542.88,283.76,52.27,38,41.04878912384669
0,296,1.1,455.64,190.29,41.76,30,34.26562435551863
0,297,1.1,572.74,34.81,6.08,41,7.242261043707386
0,298,1.1,455.26,179.34,39.39,31,30.85986884728223
0,299,1.1,631.22,74.9,11.87,43,13.371835161476383
0,300,1.1,21.6,21.6,100.0,1,4.193787876434269
0,301,1.1,391.4,126.26,32.26,26,24.325263640207137
0,302,1.1,383.4,287.9,75.09,25,50.832517817409084
0,303,1.1,348.92,227.89,65.31,22,42.904041118688454
0,304,1.1,25.56,25.56,100.0,3,5.688299314185088
0,305,1.1,11.16,11.16,100.0,2,2.2758106865965377
0,306,1.1,14.4,14.4,100.0,1,2.4352648097219234
0,307,1.1,519.36,175.36,33.76,38,27.4401471423084
0,308,1.1,619.34,147.62,23.84,40,24.107482798812615
0,309,1.1,462.1,328.85,71.16,30,50.5810172098883
0,310,1.1,456.32,400.56,87.78,32,51.03422783618246
0,311,1.1,502.7,251.89,50.11,35,39.239265399271844
0,312,1.1,14.4,14.4,100.0,1,3.9102954254294926
0,313,1.1,31.68,31.68,100.0,3,5.322955018114402
0,314,1.1,640.8,128.93,20.12,42,21.638873898255493
0,315,1.1,602.14,68.5,11.38,42,12.607581062431041
0,316,1.1,584.28,110.14,18.85,40,19.896938894046986
0,317,1.1,601.56,133.65,22.22,42,21.409459729472623
0,318,1.1,605.14,59.11,9.77,41,12.04625336971593
0,319,1.1,39.6,39.6,100.0,2,9.654991411276535
0,320,1.1,5.98,5.98,100.0,1,1.2148559355530928
0,321,1.1,601.92,71.89,11.94,40,14.774059274185385
0,322,1.1,418.9,51.09,12.2,31,10.831309472664024
0,323,1.1,528.82,38.18,7.22,38,7.91288168798357
0,324,1.1,496.56,167.67,33.77,35,26.801770776102913
0,325,1.1,529.14,94.13,17.79,37,16.93717421992766
0,326,1.1,111.6,100.84,90.36,6,22.828724300521685
0,327,1.1,43.2,43.2,100.0,3,9.360575043120594
0,328,1.1,457.56,219.77,48.03,31,34.17616311224766
0,329,1.1,447.16,237.25,53.06,31,38.571351935030464
0,330,1.1,418.44,246.4,58.89,28,41.560698739949196
0,331,1.1,383.26,252.98,66.01,26,42.68983167183652
0,332,1.1,5.4,5.4,100.0,1,1.086898413458521
0,333,1.1,5.4,5.4,100.0,1,1.1729883617637418
0,334,1.1,5.4,5.4,100.0,1,1.1911662805661363
0,335,1.1,52.2,52.2,100.0,4,13.642880645821148
0,0,5,20.16,20.16,100.0,2,2.83878982372686
0,1,5,6.5,6.5,100.0,3,1.3858137656727925
0,2,5,219.6,219.6,100.0,15,52.80044652893712
0,3,5,279.44,279.44,100.0,18,64.50975087743136
0,4,5,183.38,183.38,100.0,12,41.64065307269452
0,5,5,281.45,249.06,88.49,16,62.72301689079681
0,6,5,235.8,235.8,100.0,14,65.06268911425467
0,7,5,267.84,258.84,96.64,16,64.1267306923379
0,8,5,228.96,228.96,100.0,15,52.504615027134605
0,9,5,236.74,236.74,100.0,17,56.972580335652204
0,10,5,259.1,259.1,100.0,17,67.61758964129037
0,11,5,283.46,283.46,100.0,18,78.47730163111488
0,12,5,28.2,28.2,100.0,3,8.877796267376107
0,13,5,75.6,75.6,100.0,4,21.190344437885937
0,14,5,7.2,7.2,100.0,1,1.2927784385170928
0,15,5,338.26,331.83,98.1,18,61.487846154562035
0,16,5,193.68,193.68,100.0,13,43.28510894612961
0,17,5,185.47,185.47,100.0,14,33.047835770824314
0,18,5,227.88,227.88,100.0,14,48.89482841128707
0,19,5,28.63,28.63,100.0,3,7.907304705194129
0,20,5,54.0,54.0,100.0,3,12.791066528738934
0,21,5,224.78,216.68,96.4,15,50.355537581927734
0,22,5,385.06,368.47,95.69,21,90.69127025474181
0,23,5,175.68,175.68,100.0,11,36.39505570056664
0,24,5,168.98,168.98,100.0,11,39.89556513594525
0,25,5,253.08,253.08,100.0,18,50.47865229303129
0,26,5,3.05,3.05,100.0,1,0.7443461165347981
0,27,5,302.66,295.27,97.56,20,78.84659949009296
0,28,5,298.08,298.08,100.0,21,75.35988616633048
0,29,5,254.52,254.52,100.0,18,57.91870730837896
0,30,5,216.58,216.58,100.0,17,54.29043767153863
0,31,5,333.72,320.2,95.95,18,87.03157321304049
0,32,5,27.17,27.17,100.0,3,8.27549986928466
0,33,5,273.6,273.6,100.0,17,48.97347534783281
0,34,5,250.92,250.92,100.0,17,49.4388196932684
0,35,5,287.5,287.5,100.0,18,62.31539062182385
0,36,5,221.88,221.88,100.0,15,47.11782435077034
0,37,5,210.6,210.6,100.0,15,50.17050311757213
0,38,5,2.59,2.59,100.0,2,0.4585056544671154
0,39,5,41.76,41.76,100.0,2,10.520644992029919
0,40,5,348.34,341.46,98.02,21,57.29781938576817
0,41,5,291.24,291.24,100.0,16,68.03783089357857
0,42,5,209.3,209.3,100.0,17,38.70006440678595
0,43,5,250.06,249.41,99.74,16,40.412811150430564
0,44,5,33.84,33.84,100.0,2,7.022941202856909
0,45,5,59.04,59.04,100.0,4,13.6046161348344
0,46,5,222.12,222.12,100.0,16,40.427596682408584
0,47,5,387.22,387.22,100.0,26,63.57920500588671
0,48,5,361.8,361.8,100.0,26,74.22335523018603
0,49,5,273.6,273.6,100.0,17,55.71413738408942
0,50,5,355.32,355.32,100.0,26,58.833527474520466
0,51,5,38.98,38.98,100.0,4,8.851242119705486
0,52,5,34.2,34.2,100.0,1,10.373042273076635
0,53,5,244.56,244.56,100.0,19,47.27819478177655
0,54,5,287.14,287.14,100.0,20,43.570986835641015
0,55,5,270.72,267.05,98.64,17,51.46617324140017
0,56,5,264.0,264.0,100.0,19,44.94797822055581
0,57,5,270.72,270.72,100.0,18,41.914451295855
0,58,5,51.7,51.7,100.0,6,12.000282946133101
0,59,5,33.84,33.84,100.0,3,10.873708088349632
0,60,5,249.12,248.12,99.6,18,48.660607222073615
0,61,5,254.52,254.52,100.0,19,64.53509393596848
0,62,5,274.46,274.46,100.0,18,54.97913699294999
0,63,5,270.84,270.84,100.0,18,49.9232160726545
0,64,5,274.46,274.46,100.0,19,46.42206045180895
0,65,5,51.0,51.0,100.0,5,12.269195482855373
0,66,5,311.73,299.2,95.98,19,46.469989420976376
0,67,5,358.56,358.56,100.0,25,59.87714006058303
0,68,5,299.16,299.16,100.0,19,67.80508786591965
0,69,5,254.64,254.64,100.0,18,63.93053100606004
0,70,5,346.32,346.32,100.0,22,77.52166835580647
0,71,5,68.4,68.4,100.0,6,12.127221602508351
0,72,5,44.64,44.64,100.0,4,6.0175519332337
0,73,5,217.22,217.22,100.0,18,46.753057054692704
0,74,5,385.56,380.57,98.71,23,67.19366301195758
0,75,5,275.4,275.4,100.0,20,64.88291936563493
0,76,5,247.08,247.08,100.0,16,63.03872226431528
0,77,5,256.54,256.54,100.0,20,59.825973802554095
0,78,5,24.41,24.41,100.0,3,6.367607196455555
0,79,5,57.6,57.6,100.0,3,11.588271282137525
0,80,5,261.69,261.69,100.0,20,49.95820842718681
0,81,5,363.53,363.53,100.0,27,59.09889078039975
0,82,5,306.0,294.18,96.14,21,57.58332924392636
0,83,5,349.32,337.71,96.68,23,69.98174969887813
0,84,5,229.32,229.32,100.0,17,44.79244702180911
0,85,5,44.64,44.64,100.0,3,9.67780076962572
0,86,5,8.64,8.64,100.0,1,2.8403818765624145
0,87,5,275.76,275.76,100.0,20,41.51664459633952
0,88,5,277.78,277.78,100.0,20,47.094080210275145
0,89,5,270.0,270.0,100.0,21,47.413065590996965
0,90,5,304.68,299.27,98.22,18,63.64163434437118
0,91,5,343.58,343.58,100.0,22,57.251938109140745
0,92,5,21.6,21.6,100.0,2,6.026248276714801
0,93,5,14.4,14.4,100.0,1,1.561535127647973
0,94,5,341.28,336.58,98.62,20,42.72973582962332
0,95,5,318.24,305.15,95.89,18,43.32091602082378
0,96,5,329.18,329.18,100.0,22,46.56023190096969
0,97,5,322.82,311.1,96.37,21,41.657201675943796
0,98,5,383.76,376.68,98.16,24,48.26988967872177
0,99,5,50.16,50.16,100.0,6,8.773859314852427
0,100,5,106.42,106.42,100.0,7,14.622076595031846
0,101,5,420.48,420.48,100.0,31,58.00836163290153
0,102,5,356.76,354.32,99.32,27,47.16025572154005
0,103,5,335.92,335.92,100.0,26,45.88363920120118
0,104,5,431.14,422.49,97.99,32,61.91540881906516
0,105,5,273.24,273.24,100.0,17,44.43306371063035
0,106,5,28.8,28.8,100.0,2,6.244583294763409
0,107,5,28.8,28.8,100.0,1,2.239471945097975
0,108,5,200.3,200.3,100.0,17,26.647511134991667
0,109,5,407.16,407.16,100.0,25,52.745856618610325
0,110,5,295.18,295.18,100.0,21,48.04904243678109
0,111,5,309.22,309.22,100.0,25,44.67958568732683
0,112,5,237.6,237.6,100.0,16,34.215807119770375
0,113,5,51.84,51.84,100.0,5,9.135057818882593
0,114,5,8.64,8.64,100.0,1,2.0939536731945916
0,115,5,338.57,338.57,100.0,23,58.88912323347912
0,116,5,378.22,373.53,98.76,27,38.87281527715459
0,117,5,444.1,438.25,98.68,29,60.75815802915918
0,118,5,304.92,304.92,100.0,24,47.82977549301716
0,119,5,393.84,387.37,98.36,26,64.07718467400531
0,120,5,263.3,263.3,100.0,20,26.020471176768442
0,121,5,450.72,435.33,96.59,28,32.41796593960567
0,122,5,354.96,354.96,100.0,24,46.36607182274779
0,123,5,350.06,350.06,100.0,23,60.24682543749275
0,124,5,410.18,390.08,95.1,27,63.205742505994586
0,125,5,41.76,41.76,100.0,4,7.816454826544761
0,126,5,15.84,15.84,100.0,2,2.7659703719482946
0,127,5,275.04,275.04,100.0,21,37.02260820722111
0,128,5,447.48,443.99,99.22,32,40.84171320160387
0,129,5,307.3,307.3,100.0,24,41.773099059552926
0,130,5,261.39,261.39,100.0,24,43.4265902862732
0,131,5,401.12,386.7,96.41,27,66.59891773588642
0,132,5,21.6,21.6,100.0,2,5.36684028795964
0,133,5,21.6,21.6,100.0,2,4.858084113643239
0,134,5,287.83,287.83,100.0,22,35.19048261513827
0,135,5,326.96,326.96,100.0,23,29.38912139562413
0,136,5,261.0,261.0,100.0,21,28.895990891743565
0,137,5,400.93,379.07,94.55,28,41.32791870908437
0,138,5,295.2,292.45,99.07,19,31.67853726359401
0,139,5,15.84,15.84,100.0,2,2.547524642991544
0,140,5,8.64,8.64,100.0,1,2.094728381558111
0,141,5,23.98,23.98,100.0,3,3.81345606272559
0,142,5,415.8,415.8,100.0,28,50.26559152777635
0,143,5,377.86,377.82,99.99,26,58.038743906504095
0,144,5,332.35,332.35,100.0,25,46.793976671716145
0,145,5,325.08,311.19,95.73,20,55.73752440301156
0,146,5,274.93,274.93,100.0,20,34.70282012292178
0,147,5,392.98,392.98,100.0,29,61.199307292749026
0,148,5,415.44,407.79,98.16,28,34.98728407317971
0,149,5,441.48,436.67,98.91,29,47.13367070279341
0,150,5,423.72,407.37,96.14,29,62.61079853213087
0,151,5,30.24,30.24,100.0,3,8.523647614156598
0,152,5,37.44,37.44,100.0,3,6.980946528611812
0,153,5,306.58,306.58,100.0,24,54.94183550606433
0,154,5,400.18,400.18,100.0,27,66.69374148097607
0,155,5,273.6,273.6,100.0,22,35.75204643662208
0,156,5,340.92,340.92,100.0,25,33.70338377156377
0,157,5,168.48,152.33,90.41,11,24.070762920371827
0,158,5,21.6,21.6,100.0,2,5.4746173338155675
0,159,5,28.8,28.8,100.0,3,6.366661154365773
0,160,5,369.72,364.49,98.59,24,56.55105315885943
0,161,5,335.02,333.23,99.47,25,44.28143616244775
0,162,5,342.36,342.36,100.0,25,45.56286134273603
0,163,5,293.76,293.76,100.0,23,35.31001065631476
0,164,5,302.18,281.83,93.27,19,52.91436397653837
0,165,5,29.66,29.66,100.0,2,7.753091326817398
0,166,5,8.64,8.64,100.0,1,2.621470846089734
0,167,5,294.98,294.98,100.0,22,69.99667091447209
0,168,5,494.28,484.52,98.03,32,109.66028969933569
0,169,5,231.08,231.08,100.0,20,48.114953090384724
0,170,5,302.04,302.04,100.0,25,44.66030358322729
0,171,5,417.74,413.08,98.88,27,70.58815684098859
0,172,5,21.6,21.6,100.0,2,6.288189627874549
0,173,5,20.16,20.16,100.0,2,4.356692457177496
0,174,5,398.52,398.52,100.0,26,76.66161402991992
0,175,5,285.84,271.98,95.15,24,45.7290296206357
0,176,5,342.36,342.36,100.0,29,59.3511807261991
0,177,5,283.9,283.9,100.0,21,50.468441667746205
0,178,5,23.04,23.04,100.0,2,4.874092670104138
0,179,5,8.64,8.64,100.0,1,2.5638707601652007
0,180,5,337.44,337.44,100.0,25,75.81727467353362
0,181,5,389.98,389.98,100.0,28,81.5193854071462
0,182,5,401.86,401.86,100.0,30,85.70086396946115
0,183,5,389.4,389.4,100.0,27,83.54978721356352
0,184,5,340.42,340.42,100.0,24,56.86125053938664
0,185,5,419.9,419.9,100.0,27,68.04373940233114
0,186,5,428.4,428.4,100.0,29,78.22582059842703
0,187,5,391.68,391.68,100.0,28,77.9480718259567
0,188,5,395.42,395.42,100.0,28,87.70124851734721
0,189,5,454.54,454.54,100.0,29,104.44221892264339
0,190,5,8.64,8.64,100.0,1,2.2934610486525076
0,191,5,51.84,51.84,100.0,3,10.110118668965551
0,192,5,448.2,441.28,98.46,31,92.52314753770844
0,193,5,484.56,476.24,98.28,31,106.0421174602148
0,194,5,415.72,411.21,98.92,26,88.54907459608937
0,195,5,343.44,338.6,98.59,21,73.75883913659979
0,196,5,402.62,402.62,100.0,26,85.88134526121334
0,197,5,46.8,46.8,100.0,3,12.378998122505802
0,198,5,483.48,478.07,98.88,30,113.3389432009218
0,199,5,358.08,342.51,95.65,25,82.99613222095853
0,200,5,440.76,440.76,100.0,32,101.58899443432195
0,201,5,316.66,316.66,100.0,22,71.76660893501777
0,202,5,395.42,395.42,100.0,27,88.57240540057866
0,203,5,456.26,443.87,97.28,26,102.65862870169518
0,204,5,461.58,461.58,100.0,31,106.53362745971774
0,205,5,508.32,508.32,100.0,33,106.40797659042916
0,206,5,495.16,485.06,97.96,36,117.80845001777064
0,207,5,499.2,499.2,100.0,34,112.841727418394
0,208,5,21.6,21.6,100.0,2,6.662994239845976
0,209,5,43.2,43.2,100.0,3,11.174646091027073
0,210,5,450.98,431.87,95.76,28,107.43808606142204
0,211,5,499.08,485.39,97.26,36,105.84397027391908
0,211,5,20.16,20.16,100.0,2,4.053683546604684
0,212,5,6.5,6.5,100.0,3,1.0769594226280694
0,213,5,219.6,219.6,100.0,15,50.999538969314536
0,214,5,279.44,279.44,100.0,18,62.170887516980805
0,215,5,183.38,183.38,100.0,12,39.327935150727825
0,216,5,281.45,249.06,88.49,16,50.07340702572234
0,217,5,235.8,235.8,100.0,14,49.59181817276975
0,218,5,267.84,258.84,96.64,16,54.837536304242725
0,219,5,228.96,228.96,100.0,15,44.95149212564873
0,220,5,236.74,236.74,100.0,17,54.008820150411566
0,221,5,259.1,259.1,100.0,17,65.29913657385546
0,222,5,283.46,283.46,100.0,18,71.49279342048169
0,223,5,28.2,28.2,100.0,3,7.868656954211555
0,224,5,75.6,75.6,100.0,4,16.554147686843272
0,225,5,7.2,7.2,100.0,1,1.5431693167434641
0,226,5,338.26,331.83,98.1,18,71.95756488684154
0,227,5,193.68,193.68,100.0,13,48.91727370423477
0,228,5,185.47,185.47,100.0,14,40.065705834208416
0,229,5,227.88,227.88,100.0,14,49.63959320291444
0,230,5,28.63,28.63,100.0,3,7.628829579684188
0,231,5,54.0,54.0,100.0,3,12.375908568646143
0,232,5,224.78,216.68,96.4,15,34.23768881160853
0,233,5,385.06,368.47,95.69,21,66.3250065221699
0,234,5,175.68,175.68,100.0,11,36.93024104828298
0,235,5,168.98,168.98,100.0,11,35.95590391000114
0,236,5,253.08,253.08,100.0,18,52.2927367534471
0,237,5,3.05,3.05,100.0,1,0.573915575242702
0,238,5,302.66,295.27,97.56,20,67.75742836032651
0,239,5,298.08,298.08,100.0,21,71.10919483442872
0,240,5,254.52,254.52,100.0,18,63.765321069624065
0,241,5,216.58,216.58,100.0,17,53.94649641561707
0,242,5,333.72,320.2,95.95,18,75.66433284945293
0,243,5,27.17,27.17,100.0,3,6.801948944274928
0,244,5,273.6,273.6,100.0,17,56.717136350297935
0,245,5,250.92,250.92,100.0,17,51.7446499617468
0,246,5,287.5,287.5,100.0,18,60.11874382490597
0,247,5,221.88,221.88,100.0,15,47.73093390339343
0,248,5,210.6,210.6,100.0,15,52.020211122660406
0,249,5,2.59,2.59,100.0,2,0.5699298759788927
0,250,5,41.76,41.76,100.0,2,10.647227564057117
0,251,5,348.34,341.46,98.02,21,83.08677386245155
0,252,5,291.24,291.24,100.0,16,71.00706355420661
0,253,5,209.3,209.3,100.0,17,47.50464713538252
0,254,5,250.06,249.41,99.74,16,51.63348278640345
0,255,5,33.84,33.84,100.0,2,7.757657534760642
0,256,5,59.04,59.04,100.0,4,13.08264936511315
0,257,5,222.12,222.12,100.0,16,46.77777921658097
0,258,5,387.22,387.22,100.0,26,74.2453570072908
0,259,5,361.8,361.8,100.0,26,80.10579892549032
0,260,5,273.6,273.6,100.0,17,54.709922629945375
0,261,5,355.32,355.32,100.0,26,56.15977679068584
0,262,5,38.98,38.98,100.0,4,9.043128532653707
0,263,5,34.2,34.2,100.0,1,10.003575561574452
0,264,5,244.56,244.56,100.0,19,56.38359788402091
0,265,5,287.14,287.14,100.0,20,68.86324747153927
0,266,5,270.72,267.05,98.64,17,69.2835569455473
0,267,5,264.0,264.0,100.0,19,57.17353233223327
0,268,5,270.72,270.72,100.0,18,59.24608665538625
0,269,5,51.7,51.7,100.0,6,10.026497280977841
0,270,5,33.84,33.84,100.0,3,8.811221957819642
0,271,5,249.12,248.12,99.6,18,49.203199754344936
0,272,5,254.52,254.52,100.0,19,53.80080834404235
0,273,5,274.46,274.46,100.0,18,64.05931353103577
0,274,5,270.84,270.84,100.0,18,60.251225457868784
0,275,5,274.46,274.46,100.0,19,59.76745608435405
0,276,5,51.0,51.0,100.0,5,13.547859316371405
0,277,5,311.73,299.2,95.98,19,67.460277142214
0,278,5,358.56,358.56,100.0,25,75.21183768492664
0,279,5,299.16,299.16,100.0,19,69.89204478901188
0,280,5,254.64,254.64,100.0,18,56.590549392048096
0,281,5,346.32,346.32,100.0,22,65.06317144845193
0,282,5,68.4,68.4,100.0,6,15.07053568113265
0,283,5,44.64,44.64,100.0,4,9.332463359698886
0,284,5,217.22,217.22,100.0,18,39.8456382168219
0,285,5,385.56,377.59,97.93,23,75.29035511835899
0,286,5,275.4,275.4,100.0,20,58.629591111731
0,287,5,247.08,247.08,100.0,16,54.634367874714414
0,288,5,256.54,256.54,100.0,20,59.107594194787524
0,289,5,24.41,24.41,100.0,3,7.166262447247971
0,290,5,57.6,57.6,100.0,3,13.99762100567552
0,291,5,261.69,261.69,100.0,20,63.18483777466859
0,292,5,363.53,361.68,99.49,27,88.89470703551808
0,293,5,306.0,294.18,96.14,21,73.97077087143202
0,294,5,349.32,337.71,96.68,23,80.96065350437735
0,295,5,229.32,229.32,100.0,17,43.84627116549343
0,296,5,44.64,44.64,100.0,3,11.375358089112625
0,297,5,8.64,8.64,100.0,1,2.5464354327981265
0,298,5,275.76,275.76,100.0,20,59.444064869279956
0,299,5,277.78,277.78,100.0,20,67.58648751787582
0,300,5,270.0,270.0,100.0,21,60.989983723785755
0,301,5,304.68,299.27,98.22,18,71.45106705927114
0,302,5,343.58,343.58,100.0,22,70.61461314632471
0,303,5,21.6,21.6,100.0,2,5.955796449087624
0,304,5,14.4,14.4,100.0,1,3.1387457550324216
0,305,5,341.28,336.58,98.62,20,69.34999326509404
0,306,5,318.24,305.15,95.89,18,66.45381387460056
0,307,5,329.18,329.18,100.0,22,65.75556723059499
0,308,5,322.82,311.1,96.37,21,63.89073085414408
0,309,5,383.76,376.68,98.16,24,64.38384185202007
0,310,5,50.16,50.16,100.0,6,9.088414381027533
0,311,5,106.42,106.42,100.0,7,23.335831593862373
0,312,5,420.48,420.48,100.0,31,85.36554299954136
0,313,5,356.76,333.47,93.47,27,63.45607604843313
0,314,5,335.92,335.69,99.93,26,68.36708707970038
0,315,5,20.16,20.16,100.0,2,3.7805232784079847
0,316,5,20.16,20.16,100.0,2,3.8457932205966725
0,317,5,6.5,6.5,100.0,3,1.2138599189142583
0,318,5,219.6,219.6,100.0,15,54.900981958924724
0,319,5,279.44,279.44,100.0,18,67.13242382232198
0,320,5,183.38,183.38,100.0,12,43.3234223066627
0,321,5,281.45,249.06,88.49,16,60.507686102709336
0,322,5,235.8,235.8,100.0,14,57.34360829861835
0,323,5,267.84,258.84,96.64,16,58.737157677924614
0,324,5,228.96,228.96,100.0,15,48.004357280267236
0,325,5,236.74,236.74,100.0,17,53.39696771052036
0,326,5,259.1,259.1,100.0,17,60.6953480954581
0,327,5,283.46,283.46,100.0,18,56.8224519989361
0,328,5,28.2,28.2,100.0,3,8.008892303160225
0,329,5,75.6,75.6,100.0,4,19.89036494851643
0,330,5,7.2,7.2,100.0,1,1.1363914584977495
0,331,5,338.26,331.83,98.1,18,61.76024013347781
0,332,5,193.68,193.68,100.0,13,45.795571535022596
0,333,5,185.47,185.47,100.0,14,41.57222408957395
0,334,5,227.88,227.88,100.0,14,56.317812001562544
0,335,5,28.63,28.63,100.0,3,8.78029551241364
0,336,5,54.0,54.0,100.0,3,13.304873999707642
0,337,5,224.78,216.68,96.4,15,51.358125649679806
0,338,5,385.06,368.47,95.69,21,82.15322930872698
0,339,5,175.68,175.68,100.0,11,44.287201691449326
0,340,5,168.98,168.98,100.0,11,45.45620547561839
0,341,5,253.08,253.08,100.0,18,60.26919941051085
0,342,5,3.05,3.05,100.0,1,0.6727640236537545
0,343,5,302.66,295.27,97.56,20,68.09424632568447
0,344,5,298.08,298.08,100.0,21,66.16111821005039
0,345,5,254.52,254.52,100.0,18,60.150903022317166
0,346,5,216.58,216.58,100.0,17,57.51855821537963
0,347,5,333.72,320.2,95.95,18,82.36816795739712
0,348,5,27.17,27.17,100.0,3,7.591695601835834
